{
    "mean": 0.012876100676858628,
    "std": 0.00011309616661374585,
    "95%_ci": [
        0.012654436263506146,
        0.01309776509021111
    ]
}