{
    "mean": 0.012876000242293503,
    "std": 0.0001104726533760678,
    "std_error": 1.0919426505569322e-07,
    "99%_ci": [
        0.012875786225466675,
        0.012876214259120332
    ]
}